Timestamp,TEST_HB
2025-04-19 03:04:04.547258,10
2025-04-19 03:05:04.547258,20
2025-04-19 03:06:04.547258,30
2025-04-19 03:07:04.547258,40
2025-04-19 03:08:04.547258,50
2025-04-19 03:09:04.547258,60
2025-04-19 03:10:04.547258,70
2025-04-19 03:11:04.547258,80
2025-04-19 03:12:04.547258,90
2025-04-19 03:13:04.547258,100
2025-04-19 03:14:04.547258,110
2025-04-19 03:15:04.547258,120
2025-04-19 03:16:04.547258,130
2025-04-19 03:17:04.547258,140
2025-04-19 03:18:04.547258,150
2025-04-19 03:19:04.547258,160
2025-04-19 03:20:04.547258,170
2025-04-19 03:21:04.547258,180
2025-04-19 03:22:04.547258,190
2025-04-19 03:23:04.547258,200
2025-04-19 03:24:04.547258,210
2025-04-19 03:25:04.547258,220
2025-04-19 03:26:04.547258,230
2025-04-19 03:27:04.547258,240
2025-04-19 03:28:04.547258,250
2025-04-19 03:29:04.547258,260
2025-04-19 03:30:04.547258,270
2025-04-19 03:31:04.547258,280
2025-04-19 03:32:04.547258,290
2025-04-19 03:33:04.547258,300
2025-04-19 03:34:04.547258,310
2025-04-19 03:35:04.547258,320
2025-04-19 03:36:04.547258,330
2025-04-19 03:37:04.547258,340
2025-04-19 03:38:04.547258,350
2025-04-19 03:39:04.547258,360
2025-04-19 03:40:04.547258,370
2025-04-19 03:41:04.547258,380
2025-04-19 03:42:04.547258,390
2025-04-19 03:43:04.547258,400
2025-04-19 03:44:04.547258,410
2025-04-19 03:45:04.547258,420
2025-04-19 03:46:04.547258,430
2025-04-19 03:47:04.547258,440
2025-04-19 03:48:04.547258,450
2025-04-19 03:49:04.547258,460
2025-04-19 03:50:04.547258,470
2025-04-19 03:51:04.547258,480
2025-04-19 03:52:04.547258,490
2025-04-19 03:53:04.547258,500
2025-04-19 03:54:04.547258,510
2025-04-19 03:55:04.547258,520
2025-04-19 03:56:04.547258,530
2025-04-19 03:57:04.547258,540
2025-04-19 03:58:04.547258,550
2025-04-19 03:59:04.547258,560
2025-04-19 04:00:04.547258,570
2025-04-19 04:01:04.547258,580
2025-04-19 04:02:04.547258,590
2025-04-19 04:03:04.547258,600
